barazek.jpg	https://otantikrestaurant.com/wp-content/uploads/2023/12/462.jpg
ghraibah.jpg	https://otantikrestaurant.com/wp-content/uploads/2023/12/461.jpg
osh-bulbuls.jpg	https://otantikrestaurant.com/wp-content/uploads/2023/12/460.jpg
mix-baklava-350-g.jpg	https://otantikrestaurant.com/wp-content/uploads/2023/12/458.jpg
mix-baklava-500-g.jpg	https://otantikrestaurant.com/wp-content/uploads/2023/12/457.jpg
mix-baklava-750-g.jpg	https://otantikrestaurant.com/wp-content/uploads/2023/12/456.jpg
mix-baklava-1000-g.jpg	https://otantikrestaurant.com/wp-content/uploads/2023/12/455.jpg
mabrome.jpg	https://otantikrestaurant.com/wp-content/uploads/2023/12/459.jpg
mix-grill-4-person.jpg	https://otantikrestaurant.com/wp-content/uploads/2023/11/440.jpg
mix-grill-2-person.jpg	https://otantikrestaurant.com/wp-content/uploads/2023/11/439.jpg
grilled-fish.jpg	https://otantikrestaurant.com/wp-content/uploads/2023/11/437.jpg
mix-grill.jpg	https://otantikrestaurant.com/wp-content/uploads/2023/11/272.jpg
grilled-shrimps.jpg	https://otantikrestaurant.com/wp-content/uploads/2023/11/128.jpg
toshka.jpg	https://otantikrestaurant.com/wp-content/uploads/2023/11/306.jpg
zahrat-with-tahini.jpg	https://otantikrestaurant.com/wp-content/uploads/2023/11/277.jpg
otantik-kebab.jpg	https://otantikrestaurant.com/wp-content/uploads/2023/11/305.jpg
hummus-qawarma.jpg	https://otantikrestaurant.com/wp-content/uploads/2023/11/265.jpg
orginal-kabab.jpg	https://otantikrestaurant.com/wp-content/uploads/2023/11/304.jpg
orfali-kabab.jpg	https://otantikrestaurant.com/wp-content/uploads/2023/11/303.jpg
hummus-chicken-shawarma.jpg	https://otantikrestaurant.com/wp-content/uploads/2023/11/262.jpg
labneh-with-honey.jpg	https://otantikrestaurant.com/wp-content/uploads/2023/11/243.jpg
spiced-potato.jpg	https://otantikrestaurant.com/wp-content/uploads/2023/11/330.jpg
majouka.jpg	https://otantikrestaurant.com/wp-content/uploads/2023/11/300.jpg
mixed-pickles.jpg	https://otantikrestaurant.com/wp-content/uploads/2023/11/249.jpg
shrimp-provencale.jpg	https://otantikrestaurant.com/wp-content/uploads/2023/11/329.jpg
levant-sausege-kabab.jpg	https://otantikrestaurant.com/wp-content/uploads/2023/11/299.jpg
mixed-vegetables.jpg	https://otantikrestaurant.com/wp-content/uploads/2023/11/250.jpg
falafeel.jpg	https://otantikrestaurant.com/wp-content/uploads/2023/11/235.jpg
otantik-mezza.jpg	https://otantikrestaurant.com/wp-content/uploads/2023/11/247.jpg
tuna-tartare.jpg	https://otantikrestaurant.com/wp-content/uploads/2023/11/216.jpg
tomato-pan-qalllayah.jpg	https://otantikrestaurant.com/wp-content/uploads/2023/11/252.jpg
tartar-salmon.jpg	https://otantikrestaurant.com/wp-content/uploads/2023/11/215.jpg
lamb-chops.jpg	https://otantikrestaurant.com/wp-content/uploads/2023/11/296.jpg
muhammara.jpg	https://otantikrestaurant.com/wp-content/uploads/2023/11/270.jpg
smoked-salmon.jpg	https://otantikrestaurant.com/wp-content/uploads/2023/11/214.jpg
halloum-pie.jpg	https://otantikrestaurant.com/wp-content/uploads/2023/11/409.jpg
pesto-meat.jpg	https://otantikrestaurant.com/wp-content/uploads/2023/11/323.jpg
shrimp-rolls.jpg	https://otantikrestaurant.com/wp-content/uploads/2023/11/213.jpg
zaatar-pie.jpg	https://otantikrestaurant.com/wp-content/uploads/2023/11/363.jpg
mushroom-with-meat.jpg	https://otantikrestaurant.com/wp-content/uploads/2023/11/322.jpg
khashkhash-kabab.jpg	https://otantikrestaurant.com/wp-content/uploads/2023/11/294.jpg
eggplant-raheb.jpg	https://otantikrestaurant.com/wp-content/uploads/2023/11/259.jpg
shrimp-butterfly.jpg	https://otantikrestaurant.com/wp-content/uploads/2023/11/212.jpg
chicken-tacos.jpg	https://otantikrestaurant.com/wp-content/uploads/2023/11/208.jpg
zaatar-pie-with-qashqawan-cheese.jpg	https://otantikrestaurant.com/wp-content/uploads/2023/11/361.jpg
lemon-garlic-shrimp.jpg	https://otantikrestaurant.com/wp-content/uploads/2023/11/321.jpg
kabab-with-nuts.jpg	https://otantikrestaurant.com/wp-content/uploads/2023/11/293.jpg
black-olives.jpg	https://otantikrestaurant.com/wp-content/uploads/2023/11/256.jpg
thai-chicken.jpg	https://otantikrestaurant.com/wp-content/uploads/2023/11/232.jpg
chicken-parmigiana.jpg	https://otantikrestaurant.com/wp-content/uploads/2023/11/224.jpg
potato-wedges.jpg	https://otantikrestaurant.com/wp-content/uploads/2023/11/211.jpg
tabouleh.jpg	https://otantikrestaurant.com/wp-content/uploads/2023/11/155.jpg
spinach-pie.jpg	https://otantikrestaurant.com/wp-content/uploads/2023/11/360.jpg
lemon-garlic-chicken-wings.jpg	https://otantikrestaurant.com/wp-content/uploads/2023/11/320.jpg
kabab-with-eggplant.jpg	https://otantikrestaurant.com/wp-content/uploads/2023/11/292.jpg
basil-potatoes.jpg	https://otantikrestaurant.com/wp-content/uploads/2023/11/255.jpg
macaroni-chicken.jpg	https://otantikrestaurant.com/wp-content/uploads/2023/11/230.jpg
tabouleh-quinoa.jpg	https://otantikrestaurant.com/wp-content/uploads/2023/11/154.jpg
shabatlya-pie.jpg	https://otantikrestaurant.com/wp-content/uploads/2023/11/359.jpg
lahmeh-rass-asfour.jpg	https://otantikrestaurant.com/wp-content/uploads/2023/11/319.jpg
kaab-el-ghazal-kebab.jpg	https://otantikrestaurant.com/wp-content/uploads/2023/11/291.jpg
eggplant-moussaka.jpg	https://otantikrestaurant.com/wp-content/uploads/2023/11/258.jpg
mozzarella-sticks.jpg	https://otantikrestaurant.com/wp-content/uploads/2023/11/209.jpg
shrimp-salad.jpg	https://otantikrestaurant.com/wp-content/uploads/2023/11/153.jpg
sfeeha-shamyia-pie-with-meat-and-tomato.jpg	https://otantikrestaurant.com/wp-content/uploads/2023/11/358.jpg
kofta-with-pomegranate-sauce.jpg	https://otantikrestaurant.com/wp-content/uploads/2023/11/318.jpg
izmirli-kabab.jpg	https://otantikrestaurant.com/wp-content/uploads/2023/11/290.jpg
bulgur-with-tomatoes.jpg	https://otantikrestaurant.com/wp-content/uploads/2023/11/257.jpg
mix-cheese-platter.jpg	https://otantikrestaurant.com/wp-content/uploads/2023/11/245.jpg
grilled-chicken.jpg	https://otantikrestaurant.com/wp-content/uploads/2023/11/229.jpg
quinoa-salad.jpg	https://otantikrestaurant.com/wp-content/uploads/2023/11/152.jpg
spaghetti-bolognese.jpg	https://otantikrestaurant.com/wp-content/uploads/2023/11/385.jpg
sfeeha-shamyia-pie-with-labn.jpg	https://otantikrestaurant.com/wp-content/uploads/2023/11/356.jpg
kofta-with-cherries.jpg	https://otantikrestaurant.com/wp-content/uploads/2023/11/317.jpg
green-olives.jpg	https://otantikrestaurant.com/wp-content/uploads/2023/11/261.jpg
maxican-omelette.jpg	https://otantikrestaurant.com/wp-content/uploads/2023/11/244.jpg
fajita-lava.jpg	https://otantikrestaurant.com/wp-content/uploads/2023/11/228.jpg
pasta-salad.jpg	https://otantikrestaurant.com/wp-content/uploads/2023/11/151.jpg
risotto-shrimp.jpg	https://otantikrestaurant.com/wp-content/uploads/2023/11/384.jpg
sausage-pie.jpg	https://otantikrestaurant.com/wp-content/uploads/2023/11/355.jpg
grilled-feta-cheese.jpg	https://otantikrestaurant.com/wp-content/uploads/2023/11/316.jpg
half-grilled-chicken-red-sauce.jpg	https://otantikrestaurant.com/wp-content/uploads/2023/11/288.jpg
vine-leaves-with-oil.jpg	https://otantikrestaurant.com/wp-content/uploads/2023/11/276.jpg
grilled-halloumi-bite.jpg	https://otantikrestaurant.com/wp-content/uploads/2023/11/206.jpg
risotto-mushroom.jpg	https://otantikrestaurant.com/wp-content/uploads/2023/11/383.jpg
muhammara-pie-with-qashqawan-cheese.jpg	https://otantikrestaurant.com/wp-content/uploads/2023/11/353.jpg
fried-kibbeh-with-cherries.jpg	https://otantikrestaurant.com/wp-content/uploads/2023/11/313.jpg
otantik-mutabal.jpg	https://otantikrestaurant.com/wp-content/uploads/2023/11/274.jpg
labaneh.jpg	https://otantikrestaurant.com/wp-content/uploads/2023/11/242.jpg
chicken-stroganoff.jpg	https://otantikrestaurant.com/wp-content/uploads/2023/11/226.jpg
french-fries.jpg	https://otantikrestaurant.com/wp-content/uploads/2023/11/205.jpg
otantik-rocca.jpg	https://otantikrestaurant.com/wp-content/uploads/2023/11/149.jpg
ravioli-pesto.jpg	https://otantikrestaurant.com/wp-content/uploads/2023/11/382.jpg
mjarmasheh-pie.jpg	https://otantikrestaurant.com/wp-content/uploads/2023/11/352.jpg
fried-kibbeh.jpg	https://otantikrestaurant.com/wp-content/uploads/2023/11/314.jpg
grilled-shish-tawouk-red-sauce.jpg	https://otantikrestaurant.com/wp-content/uploads/2023/11/286.jpg
chicken-pesto.jpg	https://otantikrestaurant.com/wp-content/uploads/2023/11/225.jpg
dynamite-shrimp.jpg	https://otantikrestaurant.com/wp-content/uploads/2023/11/204.jpg
jabal-alnour-salad.jpg	https://otantikrestaurant.com/wp-content/uploads/2023/11/148.jpg
penne-three-salsa.jpg	https://otantikrestaurant.com/wp-content/uploads/2023/11/381.jpg
mjarmasheh-cheese.jpg	https://otantikrestaurant.com/wp-content/uploads/2023/11/351.jpg
sambousek-meat.jpg	https://otantikrestaurant.com/wp-content/uploads/2023/11/325.jpg
grilled-meat.jpg	https://otantikrestaurant.com/wp-content/uploads/2023/11/285.jpg
mutabal-eggplant.jpg	https://otantikrestaurant.com/wp-content/uploads/2023/11/271.jpg
chicken-curry.jpg	https://otantikrestaurant.com/wp-content/uploads/2023/11/220.jpg
dynamite-chicken.jpg	https://otantikrestaurant.com/wp-content/uploads/2023/11/203.jpg
haloum-fatoush.jpg	https://otantikrestaurant.com/wp-content/uploads/2023/11/147.jpg
zinger-burger.jpg	https://otantikrestaurant.com/wp-content/uploads/2023/11/108.jpg
salmon-cafe-de-paris.jpg	https://otantikrestaurant.com/wp-content/uploads/2023/11/441.jpg
penne-arrabiata.jpg	https://otantikrestaurant.com/wp-content/uploads/2023/11/380.jpg
sharhat-lahem.jpg	https://otantikrestaurant.com/wp-content/uploads/2023/11/350.jpg
sambousek-cheese.jpg	https://otantikrestaurant.com/wp-content/uploads/2023/11/324.jpg
grilled-chicken-wings-red-sauce.jpg	https://otantikrestaurant.com/wp-content/uploads/2023/11/284.jpg
hummus-fatteh.jpg	https://otantikrestaurant.com/wp-content/uploads/2023/11/239.jpg
butter-chicken.jpg	https://otantikrestaurant.com/wp-content/uploads/2023/11/217.jpg
chicken-wings-sweet-chili.jpg	https://otantikrestaurant.com/wp-content/uploads/2023/11/202.jpg
beef-stroganoff.jpg	https://otantikrestaurant.com/wp-content/uploads/2023/11/156.jpg
garden-salad.jpg	https://otantikrestaurant.com/wp-content/uploads/2023/11/146.jpg
philadelphia.jpg	https://otantikrestaurant.com/wp-content/uploads/2023/11/107.jpg
4-cheese.jpg	https://otantikrestaurant.com/wp-content/uploads/2023/11/408.jpg
linguine-shrimp-saffron.jpg	https://otantikrestaurant.com/wp-content/uploads/2023/11/379.jpg
labneh-pie-with-vegetables.jpg	https://otantikrestaurant.com/wp-content/uploads/2023/11/349.jpg
derry-kabab.jpg	https://otantikrestaurant.com/wp-content/uploads/2023/11/283.jpg
hummus-spicy.jpg	https://otantikrestaurant.com/wp-content/uploads/2023/11/266.jpg
beef-tacos.jpg	https://otantikrestaurant.com/wp-content/uploads/2023/11/207.jpg
chicken-teriyaki.jpg	https://otantikrestaurant.com/wp-content/uploads/2023/11/201.jpg
teriyaki-salmon.jpg	https://otantikrestaurant.com/wp-content/uploads/2023/11/170.jpg
fatoush.jpg	https://otantikrestaurant.com/wp-content/uploads/2023/11/145.jpg
mushroom-burger.jpg	https://otantikrestaurant.com/wp-content/uploads/2023/11/106.jpg
pesto.jpg	https://otantikrestaurant.com/wp-content/uploads/2023/11/407.jpg
lasagna-beef.jpg	https://otantikrestaurant.com/wp-content/uploads/2023/11/378.jpg
egg-pie.jpg	https://otantikrestaurant.com/wp-content/uploads/2023/11/348.jpg
fried-cheese-rolls.jpg	https://otantikrestaurant.com/wp-content/uploads/2023/11/312.jpg
chicken-kabab.jpg	https://otantikrestaurant.com/wp-content/uploads/2023/11/282.jpg
fried-eggs.jpg	https://otantikrestaurant.com/wp-content/uploads/2023/11/237.jpg
chicken-mushroom.jpg	https://otantikrestaurant.com/wp-content/uploads/2023/11/223.jpg
chicken-tender.jpg	https://otantikrestaurant.com/wp-content/uploads/2023/11/200.jpg
shrimp-cream-garlic.jpg	https://otantikrestaurant.com/wp-content/uploads/2023/11/169.jpg
senape-steak.jpg	https://otantikrestaurant.com/wp-content/uploads/2023/11/161.jpg
crab-noodle-salad.jpg	https://otantikrestaurant.com/wp-content/uploads/2023/11/144.jpg
fajitta.jpg	https://otantikrestaurant.com/wp-content/uploads/2023/11/105.jpg
seafood.jpg	https://otantikrestaurant.com/wp-content/uploads/2023/11/406.jpg
fettuccine-seafood.jpg	https://otantikrestaurant.com/wp-content/uploads/2023/11/377.jpg
chicken-with-vegetables-pie.jpg	https://otantikrestaurant.com/wp-content/uploads/2023/11/347.jpg
chicken-ras-zarzor.jpg	https://otantikrestaurant.com/wp-content/uploads/2023/11/310.jpg
hummus-pesto.jpg	https://otantikrestaurant.com/wp-content/uploads/2023/11/264.jpg
chicken-lemon.jpg	https://otantikrestaurant.com/wp-content/uploads/2023/11/222.jpg
chicken-popcorn.jpg	https://otantikrestaurant.com/wp-content/uploads/2023/11/199.jpg
sea-bass-fish.jpg	https://otantikrestaurant.com/wp-content/uploads/2023/11/168.jpg
steak-cafe-de-paris.jpg	https://otantikrestaurant.com/wp-content/uploads/2023/11/162.jpg
chicken-caesar-salad.jpg	https://otantikrestaurant.com/wp-content/uploads/2023/11/143.jpg
classic-chicken-burger.jpg	https://otantikrestaurant.com/wp-content/uploads/2023/11/104.jpg
fettuccine-pesto-2.jpg	https://otantikrestaurant.com/wp-content/uploads/2023/11/405.jpg
fettuccine-pesto.jpg	https://otantikrestaurant.com/wp-content/uploads/2023/11/376.jpg
chicken-liver.jpg	https://otantikrestaurant.com/wp-content/uploads/2023/11/309.jpg
arayes.jpg	https://otantikrestaurant.com/wp-content/uploads/2023/11/280.jpg
hummus-nuts.jpg	https://otantikrestaurant.com/wp-content/uploads/2023/11/263.jpg
chicken-escalope.jpg	https://otantikrestaurant.com/wp-content/uploads/2023/11/221.jpg
calamari-rings.jpg	https://otantikrestaurant.com/wp-content/uploads/2023/11/198.jpg
grilled-salmon.jpg	https://otantikrestaurant.com/wp-content/uploads/2023/11/167.jpg
pepper-steak.jpg	https://otantikrestaurant.com/wp-content/uploads/2023/11/159.jpg
classic-burger.jpg	https://otantikrestaurant.com/wp-content/uploads/2023/11/103.jpg
pita-bread-1-pcs.jpg	https://otantikrestaurant.com/wp-content/uploads/2023/11/415.jpg
pepperoni.jpg	https://otantikrestaurant.com/wp-content/uploads/2023/11/404.jpg
fettuccine-alfredo.jpg	https://otantikrestaurant.com/wp-content/uploads/2023/11/375.jpg
hummus-beirut.jpg	https://otantikrestaurant.com/wp-content/uploads/2023/11/253.jpg
eggplant-fattah.jpg	https://otantikrestaurant.com/wp-content/uploads/2023/11/234.jpg
buffalo-chicken-wings.jpg	https://otantikrestaurant.com/wp-content/uploads/2023/11/197.jpg
fish-filet.jpg	https://otantikrestaurant.com/wp-content/uploads/2023/11/166.jpg
mushroom-steak.jpg	https://otantikrestaurant.com/wp-content/uploads/2023/11/158.jpg
burrata-salad.jpg	https://otantikrestaurant.com/wp-content/uploads/2023/11/141.jpg
chicken-volcano.jpg	https://otantikrestaurant.com/wp-content/uploads/2023/11/102.jpg
margherita.jpg	https://otantikrestaurant.com/wp-content/uploads/2023/11/403.jpg
pasta-penne-with-cheese.jpg	https://otantikrestaurant.com/wp-content/uploads/2023/11/374.jpg
pita-bread-5-pcs.jpg	https://otantikrestaurant.com/wp-content/uploads/2023/11/354.jpg
hummus-tahini.jpg	https://otantikrestaurant.com/wp-content/uploads/2023/11/241.jpg
hummus-with-meat.jpg	https://otantikrestaurant.com/wp-content/uploads/2023/11/240.jpg
cheese-omelette.jpg	https://otantikrestaurant.com/wp-content/uploads/2023/11/233.jpg
chicken-broccoli.jpg	https://otantikrestaurant.com/wp-content/uploads/2023/11/218.jpg
bbq-chicken-wings.jpg	https://otantikrestaurant.com/wp-content/uploads/2023/11/196.jpg
curry-shrimp.jpg	https://otantikrestaurant.com/wp-content/uploads/2023/11/165.jpg
cheddar-steak.jpg	https://otantikrestaurant.com/wp-content/uploads/2023/11/157.jpg
arabic-salad.jpg	https://otantikrestaurant.com/wp-content/uploads/2023/11/140.jpg
chicken-sub.jpg	https://otantikrestaurant.com/wp-content/uploads/2023/11/101.jpg
